LG 164 cm (65 inches) 4K Ultra HD Smart LED TV 65UR7500PSC (Dark Iron Gray),"31,999",2024-01-19
Westinghouse 106 cm (43 inches) Full HD Smart Certified Android LED TV WH43SP99 (Black),"36,990",2024-01-19
Samsung 80 cm (32 Inches) Wondertainment Series HD Ready LED Smart TV UA32T4340BKXXL (Glossy Black),"25,990",2024-01-19
iFFALCON 138.7 cm (55 inches) 4K Ultra HD Smart LED Google TV iFF55U62 (Black),"65,990",2024-01-19
MI 125 cm (50 inches) X 4K Dolby Vision Series Smart Google TV L50M8-A2IN (Black),"13,999",2024-01-19
Redmi 80 cm (32 inches) F Series HD Ready Smart LED Fire TV L32R8-FVIN (Black),"12,990",2024-01-19
Vu 108 cm (43 inches) Premium Series 4K Ultra HD Smart LED Google TV 43CA (Black),"23,999",2024-01-19
iFFALCON 80.04 cm (32 inches) Bezel-Less S Series HD Ready Smart Android LED TV iFF32S53 (Black),"32,999",2024-01-19
MI 80 cm (32 inches) A Series HD Ready Smart Google TV L32M8-5AIN (Black),"10,999",2024-01-19
OnePlus 108 cm (43 inches) Y Series 4K Ultra HD Smart Android LED TV 43Y1S Pro (Black),"23,990",2024-01-19
Redmi 108 cm (43 inches) 4K Ultra HD Android Smart LED TV X43 | L43R7-7AIN (Black),"7,990",2024-01-19
Acer 127 cm (50 inches) Advanced I Series 4K Ultra HD Smart LED Google TV AR50GR2851UDFL (Black),"11,990",2024-01-19
MI 100 cm (40 inches) A Series Full HD Smart Google TV L40M8-5AIN (Black),"23,999",2024-01-19
Acer 100 cm (40 inches) Advanced I Series Full HD Smart LED Google TV AR40GR2841FDFL (Black),"22,999",2024-01-19
Redmi 80 cm (32 inches) F Series HD Ready Smart LED Fire TV L32R8-FVIN (Black),"26,999",2024-01-19
VW 101 cm (40 inches) Linux Series Frameless HD Ready Smart LED TV VW40S1 (Black) | with 18 Months Warranty,"20,990",2024-01-19
iFFALCON 108 cm (43 inches) 4K Ultra HD Smart LED Google TV iFF43U62 (Black),"16,999",2024-01-19
Samsung 108 cm (43 Inches) Crystal Vision 4K Ultra HD Smart LED TV UA43CUE70AKLXL (Titan Gray),"10,999",2024-01-19
LG 108 cm (43 inches) 4K Ultra HD Smart LED TV 43UR7500PSC (Dark Iron Gray),"12,499",2024-01-19
Sony Bravia 139 cm (55 inches) 4K Ultra HD Smart LED Google TV KD-55X74K (Black),"17,999",2024-01-19
TCL 101 cm (40 inches) Bezel-Less S Series Full HD Smart Android LED TV 40S5400A (Black),"29,490",2024-01-19
Panasonic 108 cm (43 inches) Full HD Smart LED Google TV TH-43MS660DX (Black),"29,990",2024-01-19
Acer 126 cm (50 inches) V Series 4K Ultra HD Smart QLED Google TV AR50GR2851VQD (Black),"52,490",2024-01-19
"D&V ENGINEERING - Creative in innovation heavy Duty Wall and Ceiling mount Set top box stand with black powder coated for DVD, Telephone, WiFi router and music player (Standard)","15,990",2024-01-19
