LG 164 cm (65 inches) 4K Ultra HD Smart LED TV 65UR7500PSC (Dark Iron Gray),"65,990
                            
                             .",2024-01-19
LG 164 cm (65 inches) 4K Ultra HD Smart LED TV 65UR7500PSC (Dark Iron Gray),"65,990
                            
                             .",2024-01-19
LG 164 cm (65 inches) 4K Ultra HD Smart LED TV 65UR7500PSC (Dark Iron Gray),"65,990
                            
                             .",2024-01-19
LG 164 cm (65 inches) 4K Ultra HD Smart LED TV 65UR7500PSC (Dark Iron Gray),"65,990
                            
                             .",2024-01-19
