MI 125 cm (50 inches) X Pro 4K Dolby Vision IQ Series Smart Google TV L50M8-5XIN (Black),"31,999",2024-01-19
Vu 108 cm (43 inches) The GloLED 84 Watt DJ Sound Series 4K Smart Google TV 43GloLED (Grey),"36,990",2024-01-19
Samsung 80 cm (32 Inches) Wondertainment Series HD Ready LED Smart TV UA32T4340BKXXL (Glossy Black),"25,990",2024-01-19
iFFALCON 138.7 cm (55 inches) 4K Ultra HD Smart LED Google TV iFF55U62 (Black),"41,999",2024-01-19
MI 125 cm (50 inches) X 4K Dolby Vision Series Smart Google TV L50M8-A2IN (Black),"29,999",2024-01-19
Redmi 80 cm (32 inches) F Series HD Ready Smart LED Fire TV L32R8-FVIN (Black),"12,990",2024-01-19
Vu 108 cm (43 inches) Premium Series 4K Ultra HD Smart LED Google TV 43CA (Black),"23,999",2024-01-19
iFFALCON 80.04 cm (32 inches) Bezel-Less S Series HD Ready Smart Android LED TV iFF32S53 (Black),"32,999",2024-01-19
MI 80 cm (32 inches) A Series HD Ready Smart Google TV L32M8-5AIN (Black),"10,999",2024-01-19
OnePlus 108 cm (43 inches) Y Series 4K Ultra HD Smart Android LED TV 43Y1S Pro (Black),"23,990",2024-01-19
Redmi 108 cm (43 inches) 4K Ultra HD Android Smart LED TV X43 | L43R7-7AIN (Black),"7,990",2024-01-19
Panasonic 108 cm (43 inches) Full HD Smart LED Google TV TH-43MS660DX (Black),"11,990",2024-01-19
Acer 127 cm (50 inches) Advanced I Series 4K Ultra HD Smart LED Google TV AR50GR2851UDFL (Black),"23,999",2024-01-19
Acer 100 cm (40 inches) Advanced I Series Full HD Smart LED Google TV AR40GR2841FDFL (Black),"22,999",2024-01-19
Redmi 80 cm (32 inches) F Series HD Ready Smart LED Fire TV L32R8-FVIN (Black),"27,990",2024-01-19
MI 108 cm (43 inches) X Series 4K Ultra HD Smart Google TV L43M8-A2IN (Black),"26,999",2024-01-19
VW 101 cm (40 inches) Linux Series Frameless HD Ready Smart LED TV VW40S1 (Black) | with 18 Months Warranty,"16,999",2024-01-19
iFFALCON 108 cm (43 inches) 4K Ultra HD Smart LED Google TV iFF43U62 (Black),"10,999",2024-01-19
Samsung 163 cm (65 Inches) Crystal Vision 4K Ultra HD Smart LED TV UA65CUE70AKLXL (Titan Gray),"26,499",2024-01-19
Samsung 108 cm (43 Inches) Crystal Vision 4K Ultra HD Smart LED TV UA43CUE70AKLXL (Titan Gray),"12,499",2024-01-19
LG 108 cm (43 inches) 4K Ultra HD Smart LED TV 43UR7500PSC (Dark Iron Gray),"17,999",2024-01-19
Mi 189.34cm (75 inches) Q1 Series 4K Smart QLED TV with Full Array Local Dimming & 120Hz Refresh Rate (Metallic Grey),"65,990",2024-01-19
Panasonic 108 cm (43 inches) 4K Ultra HD Smart LED Google TV TH-43MX660DX (Black),"29,490",2024-01-19
"D&V ENGINEERING - Creative in innovation heavy Duty Wall and Ceiling mount Set top box stand with black powder coated for DVD, Telephone, WiFi router and music player (Standard)","29,990",2024-01-19
XElectron 60 cm (24 inch) HD Ready LED TV,"₹5,499",2024-01-19
Mi X Series 125 cm (50 inch) Ultra HD (4K) LED Smart Google TV 2023 Edition with 4K Dolby Vision | HDR...,"₹32,999",2024-01-19
SAMSUNG 80 cm (32 Inch) HD Ready LED Smart Tizen TV 2022 Edition with Bezel-free Design,"₹12,990",2024-01-19
iFFALCON by TCL 79.97 cm (32 inch) HD Ready LED Smart Android TV with Google Assistant,"₹7,990",2024-01-19
"iFFALCON by TCL U62 139 cm (55 inch) Ultra HD (4K) LED Smart Google TV with Dolby Audio, HDR10","₹23,999",2024-01-19
"iFFALCON by TCL U62 108 cm (43 inch) Ultra HD (4K) LED Smart Google TV with Dolby Audio, HDR10","₹17,999",2024-01-19
TOSHIBA M550LP Series 139 cm (55 inch) QLED Ultra HD (4K) Smart Google TV With Bass Woofer and REGZA E...,"₹38,199",2024-01-19
TOSHIBA C350MP 108 cm (43 inch) Ultra HD (4K) LED Smart Google TV 2023 Edition with Dolby Vision Atmos...,"₹23,999",2024-01-19
Thomson 9A Series 80 cm (32 inch) HD Ready LED Smart Android TV,"₹8,499",2024-01-19
Thomson Alpha 80 cm (32 inch) HD Ready LED Smart Linux TV 2022 Edition with 30 W Sound Output & Bezel-...,"₹7,999",2024-01-19
"TOSHIBA M550MP 139 cm (55 inch) QLED Ultra HD (4K) Smart Google TV With Full Array Local Dimming, Powe...","₹40,999",2024-01-19
XElectron 80 cm (32 inch) HD Ready LED TV,"₹6,999",2024-01-19
SAMSUNG Crystal 4K iSmart Series 108 cm (43 inch) Ultra HD (4K) LED Smart Tizen TV 2023 Edition,"₹28,490",2024-01-19
Thomson FA Series 80 cm (32 inch) HD Ready LED Smart Android TV 2023 Edition with Dolby Digital Plus &...,"₹9,999",2024-01-19
Mi 5A 80 cm (32 inch) HD Ready LED Smart Android TV 2022 Edition with HD Ready | Dolby Audio | DTS : X...,"₹12,499",2024-01-19
SONY Bravia 108 cm (43 inch) Ultra HD (4K) LED Smart Google TV 2022 Edition,"₹37,990",2024-01-19
TOSHIBA C350MP 126 cm (50 inch) Ultra HD (4K) LED Smart Google TV 2023 Edition with Dolby Vision Atmos...,"₹30,999",2024-01-19
TOSHIBA C350MP 139 cm (55 inch) Ultra HD (4K) LED Smart Google TV 2023 Edition with Dolby Vision Atmos...,"₹33,999",2024-01-19
SONY 138.8 cm (55 inch) Ultra HD (4K) LED Smart Google TV 2022 Edition,"₹52,490",2024-01-19
"Infinix Y1 80 cm (32 inch) HD Ready LED Smart Linux TV 2022 Edition with YouTube & Pre-loaded Apps, Wi...","₹8,499",2024-01-19
Dyanora Sigma 108 cm (43 inch) Full HD LED Smart Linux TV with 40 Watt Box Speakers & Bezel-Less Desig...,"₹15,299",2024-01-19
Mi X Series 163.9 cm (65 inch) Ultra HD (4K) LED Smart Google TV 2023 Edition with 4K Dolby Vision | H...,"₹60,999",2024-01-19
SAMSUNG Crystal 4K iSmart Series 138 cm (55 inch) Ultra HD (4K) LED Smart Tizen TV 2023 Edition,"₹41,990",2024-01-19
Vu GloLED 126 cm (50 inch) Ultra HD (4K) LED Smart Google TV 2022 Edition with DJ Subwoofer 104W,"₹32,999",2024-01-19
Karbonn K531 Dual SIM Feature Phone Black Red,"Rs.  1,325",2024-01-19
Portronics MODESK POR-122 Universal Mobile Holder (Black),Rs.  99,2024-01-19
Karbonn K531 Dual SIM Feature Phone Green,"Rs.  1,325",2024-01-19
Karbonn KX110I Dual SIM Feature Phone Green,Rs.  898,2024-01-19
Karbonn K531 Dual SIM Feature Phone White Red,"Rs.  1,325",2024-01-19
Karbonn Y1 Dual SIM Feature Phone Black Blue,Rs.  999,2024-01-19
Apple Iphone 12 Mini Shock Proof Case Kosher Traders - Transparent Premium Transparent Case,Rs.  149,2024-01-19
Karbonn Y1 Dual SIM Feature Phone White Grey,Rs.  949,2024-01-19
Karbonn KX110I Dual SIM Feature Phone Black,Rs.  899,2024-01-19
Karbonn K531 Dual SIM Feature Phone Blue,"Rs.  1,325",2024-01-19
Karbonn KX110I Dual SIM Feature Phone Red,Rs.  899,2024-01-19
Karbonn Y1 Dual SIM Feature Phone Black Orange,Rs.  999,2024-01-19
Nokia 105SS 1423 Single SIM Feature Phone Black,"Rs.  1,399",2024-01-19
NBOX - Red Artificial Leather Plain Cases Compatible For Apple iPhone 12 Pro Max ( Pack of 1 ),Rs.  229,2024-01-19
itel Magic3 Dual SIM Feature Phone Black,"Rs.  1,699",2024-01-19
Karbonn KX3 Star Dual SIM Feature Phone Black Red,Rs.  999,2024-01-19
Nokia 8210 4G Dual SIM Feature Phone Red,"Rs.  3,999",2024-01-19
itel MagicX Dual SIM Feature Phone White,"Rs.  1,999",2024-01-19
itel MagicX Play 4G Dual SIM Feature Phone Black,"Rs.  1,899",2024-01-19
Nokia 105/1304 Single SIM Feature Phone Blue,"Rs.  1,399",2024-01-19
